<keymap version="1" name="Default for macOS copy" parent="Mac OS X 10.5+">
  <action id="IncrementWindowHeight" />
  <action id="IncrementWindowWidth" />
  <action id="List-selectLastRowExtendSelection">
    <keyboard-shortcut first-keystroke="shift meta end" />
  </action>
  <action id="MoveStatementDown" />
  <action id="MoveTabDown">
    <keyboard-shortcut first-keystroke="ctrl meta down" />
  </action>
  <action id="MoveTabRight">
    <keyboard-shortcut first-keystroke="ctrl meta right" />
  </action>
  <action id="ResizeToolWindowDown" />
  <action id="ResizeToolWindowRight" />
  <action id="Table-selectLastRowExtendSelection">
    <keyboard-shortcut first-keystroke="shift meta end" />
  </action>
  <action id="Terminal.MoveToolWindowTabRight" />
  <action id="Tree-selectLastExtendSelection">
    <keyboard-shortcut first-keystroke="shift meta end" />
  </action>
</keymap>