<application>
  <component name="GeneralSettings">
    <option name="confirmExit" value="false" />
    <option name="processCloseConfirmation" value="DISCONNECT" />
    <option name="showTipsOnStartup" value="false" />
  </component>
  <component name="Registry">
    <entry key="suggest.all.run.configurations.from.context" value="true" />
    <entry key="ide.balloon.shadow.size" value="0" />
    <entry key="ide.tree.ui.experimental" value="false" />
    <entry key="project.tree.structure.show.url" value="false" />
    <entry key="ide.tooltip.initialDelay" value="1199" />
    <entry key="ide.tooltip.show.with.actions" value="true" />
    <entry key="ide.mac.allowDarkWindowDecorations" value="true" />
  </component>
</application>