<application>
  <component name="MaterialThemeConfig">
    <option name="highlightColorEnabled" value="true" />
    <option name="isCompactStatusBar" value="true" />
    <option name="isHighContrast" value="true" />
    <option name="isWizardShown" value="true" />
    <option name="pristineConfig" value="false" />
    <option name="statusBarTheme" value="false" />
    <option name="settingsSelectedTab" value="5" />
    <option name="selectedTheme" value="PALENIGHT" />
    <option name="userId" value="3a89f368:16c77dad7c4:-8000" />
    <option name="version" value="3.10.0" />
  </component>
</application>